{"generatedAt":1706064304803,"generateTime":66,"contents":[{"_path":"/blog/decision-making-answers","_dir":"blog","_draft":false,"_partial":false,"_locale":"","title":"Business Analytics Data Analysis & Decision Making Answers","description":"Mostly businesses adopt this technology of business analytics, these days as it yields better ROI. Now the question arises that what is business analytics? It is the process in which business collects data and analyses it using statistical methods and new technologies. The findings of this data analysis then provide decision-making answers to the businesses which is a great tool for managing strategic level issues. Business Analytics Data Analysis & Decision Making Answers have three main types which are: descriptive analytics, predictive analytics and prescriptive analytics.","postDate":"Mar. 6, 2023","postCategory":"Informative","postThumb":"keywords-searching-seo-content-marketing-isolated-flat-design-element-business-solution-strategy-planning-man-holding-magnifier-key-concept-illustration_335657-1686.webp","navigation":true,"head":true,"body":{"type":"root","children":[{"type":"element","tag":"blog-image","props":{":img-src":"postThumb"},"children":[]},{"type":"element","tag":"columns","props":{"columns-classes":"columns content is-multiline mb-6"},"children":[{"type":"element","tag":"column","props":{"column-classes":"column is-full"},"children":[{"type":"element","tag":"block","props":{},"children":[{"type":"element","tag":"blog-title","props":{"title-classes":"title is-size-1"},"children":[{"type":"element","tag":"p","props":{},"children":[{"type":"text","value":"Descriptive, Predictive and Prescriptive Analytics.  Why it matters:"}]}]}]},{"type":"element","tag":"hr","props":{},"children":[]},{"type":"element","tag":"block","props":{},"children":[{"type":"element","tag":"p","props":{},"children":[{"type":"text","value":"Descriptive analytics are details regarding what has already happened. Historical data is collected using two main methods namely data mining and data aggregation. These methods interpret the trends and patterns of the past data. This data analysis is then used to make the predictions later. It merely collects information and what trends they show i.e. they illustrate the happenings of the past. Although it is an essential step of business analytics data analysis & decision making answers can not be enough in isolation."}]}]},{"type":"element","tag":"block","props":{},"children":[{"type":"element","tag":"p","props":{},"children":[{"type":"text","value":"Predictive analytics: It is more sophisticated use of technology as it involves using statistical data to assess and anticipate possible events of the future. This method also uses data mining technique along with statistical methods and machine learning technology to determine likelihood of future happenings on the basis of past data. Forecasts are made using statistical algorithms and machine learning technology. They collect existing data and make best possible predictions based on the same. There are many uses of predictive analytics such as optimizing the marketing decision, exploring opportunities for cross selling and making improvements in business."}]}]},{"type":"element","tag":"block","props":{},"children":[{"type":"element","tag":"p","props":{},"children":[{"type":"text","value":"Prescriptive analytics: Although predictive analytics inform about what could possibly happen in the future. Prescriptive analysis focuses on what SHOULD happen in the future. It takes data from descriptive and predictive analytics and it then applies various statistical methods.  Statistical algorithms then generate various probabilities of a decision making and all its possible outcomes."}]}]},{"type":"element","tag":"block","props":{},"children":[{"type":"element","tag":"p","props":{},"children":[{"type":"text","value":"Prescriptive analytics uses highly sophisticated technology to assess possible consequences of a decision on the basis of various future events and then advise on the best course of action to adopt in order to achieve business objectives."}]}]},{"type":"element","tag":"block","props":{},"children":[{"type":"element","tag":"p","props":{},"children":[{"type":"text","value":"These business analytics when used together can prove to be very effective. This is why more and more businesses are investing their resources in data analysis to find decision-making answers which are more informed and leads to improved sales, optimized business operations and increased ROI."}]}]},{"type":"element","tag":"block","props":{},"children":[{"type":"element","tag":"p","props":{},"children":[{"type":"text","value":"Hence, data is the foundation stone for data analysis in business analytics. Firms enjoy competitive edge over its rivals with the aid of this business analytics. Many businesses aim to explore opportunities that are untapped using the business analytics. Can an organization that chooses to ignore the insights and data of employees, customers and business partners expect to thrive? In the world of today it is impossible to survive let alone thrive without adopting business analytics. business analytics data analysis & decision making answers is expanding from mere generation of data aggregation analysis to using Artificial Intelligence AI that will analyze patterns and these algorithms will then make decisions for future."}]}]}]}]}],"toc":{"title":"","searchDepth":2,"depth":2,"links":[]}},"_type":"markdown","_id":"content:blog:decision-making-answers.md","_source":"content","_file":"blog/decision-making-answers.md","_extension":"md"},{"_path":"/blog/top-10-analytics-companies","_dir":"blog","_draft":false,"_partial":false,"_locale":"","title":"Top 10 Data Analytics Companies In The World | Race of Pace","description":"Technology can help businesses win over the edge. Enterprises that are constantly upgrading themselves with the changes in IT are the ones to survive and succeed in future. AI and other tools such as machine learning technology is used to learn about the buying patterns of customers. This information is collect in bulk and interpret by data scientists to make reports which predicts possible future trends. This entire act may sound too simple. However, in reality it requires high level of expertise to analyze all information. The top 10 data analytics companies in the world are IBM, Splunk, Absolutdata, Cloudera, Mu Sigma, Numerator, vadoanalytics, Fractal Analytics, Oracle, iTech Art.","postDate":"Feb. 3, 2022","postCategory":"Informative","postThumb":"scientists-working-modern-laboratory_1262-19876.webp","navigation":true,"head":true,"body":{"type":"root","children":[{"type":"element","tag":"blog-image","props":{":img-src":"postThumb"},"children":[]},{"type":"element","tag":"columns","props":{"columns-classes":"columns content is-multiline mb-6"},"children":[{"type":"element","tag":"column","props":{"column-classes":"column is-full"},"children":[{"type":"element","tag":"block","props":{},"children":[{"type":"element","tag":"p","props":{},"children":[{"type":"element","tag":"strong","props":{},"children":[{"type":"text","value":"Technology can help businesses win over the edge. Enterprises that are constantly upgrading themselves with the changes in IT are the ones to survive and succeed in future. AI and other tools such as machine learning technology is used to learn about the buying patterns of customers. This information is collect in bulk and interpret by data scientists to make reports which predicts possible future trends. This entire act may sound too simple. However, in reality it requires high level of expertise to analyze all information. The top 10 data analytics companies in the world are IBM, Splunk, Absolutdata, Cloudera, Mu Sigma, Numerator, vadoanalytics, Fractal Analytics, Oracle, iTech Art."}]}]}]},{"type":"element","tag":"hr","props":{},"children":[]},{"type":"element","tag":"block","props":{},"children":[{"type":"element","tag":"blog-title","props":{"title-classes":"title is-size-1"},"children":[{"type":"element","tag":"p","props":{},"children":[{"type":"text","value":"The famous top 10 data analytics companies in the world:"}]}]}]},{"type":"element","tag":"hr","props":{},"children":[]},{"type":"element","tag":"block","props":{},"children":[{"type":"element","tag":"unordered-list","props":{":list-items":"[\"<strong>IBM:</strong> a US based multinational company with operations in more then 171 countries. It is famous for their contributions in IT for SQL language, UPC barcodes, relational database, etc.\",\"<strong>Splunk:</strong> This a software company located San Francisco. This US base firm is known for being the first to come up with software designed to check, search and study data that is generated by machines in website form of user-interface.\",\"<strong>AbsolutData:</strong> They are data scientist who merged Machine learning and AI. They offer Off-the-Shelf AI solutions to retail businesses.\",\"<strong>Cloudera:</strong> A famous software company based in the US. They use machine learning and data –analytics to find information from data.\",\"<strong>Mu Sigma:</strong> A data scientist firm based in India is know data science and data analytics services.\",\"<strong>Fractal Analytics:</strong> a US based company with operations in UK and India. They are know for their services of Artificial Intelligence and data analytics.\",\"<strong>Numerator:</strong> this is also an US-based firm known for working on market research and working with data and producing valuable insights. All this using first part consumer data.\",\"<strong>Oracle:</strong> One of the oldest IT companies offering various IT Services and Software solutions. They have heir own data analysis software which uses Machine learning technology and helps businesses in data analysis.\",\"<strong>Vado Analytics:</strong> based in Washington DC and Chicago. Are acclaim for their outstanding services as data scientists. They have several successful projects under their belt. They use highly sophisticated technology to help businesses understand their customers and deliver excellent performance by effective marketing.\"\n]"},"children":[]}]},{"type":"element","tag":"hr","props":{},"children":[]},{"type":"element","tag":"block","props":{},"children":[{"type":"element","tag":"blog-title","props":{"title-classes":"title is-size-1"},"children":[{"type":"element","tag":"p","props":{},"children":[{"type":"text","value":"iTechArt"}]}]}]},{"type":"element","tag":"hr","props":{},"children":[]},{"type":"element","tag":"block","props":{},"children":[{"type":"element","tag":"p","props":{},"children":[{"type":"text","value":"iTechArt: a Data Analyst Company based in US. They offer services such as Real-Time and Predictive data analytics. They help businesses in optimizing their processes and offer them insights into various areas based on bulk of user interactions."}]}]},{"type":"element","tag":"block","props":{},"children":[{"type":"element","tag":"p","props":{},"children":[{"type":"text","value":"It is evident that more and more businesses are accepting the importance of this technology of data analytics and are keen to invest more in the same. The top 10 data analytics companies in the world, are all using analytical tools to help businesses to make key decisions and using this information to optimize business operations. Therefore, services of these top 10 data analytics companies in the world are becoming more and more famous over the past few years."}]}]}]}]}],"toc":{"title":"","searchDepth":2,"depth":2,"links":[]}},"_type":"markdown","_id":"content:blog:top-10-analytics-companies.md","_source":"content","_file":"blog/top-10-analytics-companies.md","_extension":"md"}],"navigation":[{"title":"Blog","_path":"/blog","children":[{"title":"Business Analytics Data Analysis & Decision Making Answers","_path":"/blog/decision-making-answers"},{"title":"Top 10 Data Analytics Companies In The World | Race of Pace","_path":"/blog/top-10-analytics-companies"}]}]}